B01F9OZQYQ,Parsley & Sage,52.95,[u'women'],[],[u'cotton'],[u'casual'],[u'scoop neck'],[u'short sleev'],parsley sage chloe scoop neck short sleev tunic in a geometr pattern parsley sage chloe scoop neck short sleev tunic in a geometr pattern 95 % rayon 5 % lycra hang dri no bleach parsley sage top made with old fashion tailor incorpor contemporari style women cotton or fabric combin women 's tunic top present a casual eleg along with be veri comfort to wear,tunic
B01H4JHOOE,Design By Humans,24.0,[u'women'],[],[],[],[],[],master of the whonivers women 's turquois stone graphic t shirt master of the whonivers women 's turquois stone graphic t shirt print in the u.s.a. onli product sold by designbyhumansoffici are guarante to be authent print with eco friendli ink women,t-shirt
B01CPT0ABW,Go All Out Screenprinting,0.0,[u'men'],[],[],[],[],[],adult keep calm and let me cut you funni hairdress sweatshirt crewneck adult keep calm and let me cut you funni hairdress sweatshirt crewneck print in the usa exclus by go all out screenprint go all out is a regist trademark and go all out screenprint is an amazon regist brand same day ship program ! go all out is now offer same day ship on thi item if order befor 2pm cst on a weekday ! go all out is the onli author seller of thi product . we can not guarante shirt size print qualiti or same day ship if purchas through anoth seller . men materi,bra 
B0187OFBAE,New Town Creative,43.99,[u'men'],[u'black'],[u'leather'],[],[],[],ntlux monogram leather wallet with gift box best gift for men ntlux monogram leather wallet with gift box best gift for men 3.8 '' high 0.5 '' wide black natur leather wallet that can be engrav on both the interior and exterior . come in a box that can be engrav separ best gift for christma anniversari birthday or as gift to vip client perfect gift for father groomsmen boyfriend boss vip client hand finish item with free custom engrav click contact seller on your order page after complet purchas to send us your engrav messag men,wallet
B015CFTIFU,mjensen women tee,15.16,[u'women'],"[u'black', u'blue', u'orang', u'pink', u'purpl', u'red', u'white', u'yellow']",[u'cotton'],[],[],[],women peg + cat custom causal t shirt by mjensen white women peg + cat custom causal t shirt by mjensen 100 % soft cotton feel great ! black red royal blue sky blue deep heather pink yellow orang and purpl . 7 10 busi day . print graphic logo on front . women,t-shirt
B00RXCN3JS,KINGCOOL,5.99,[],[],[],[],[],[],kingcool galaxi s5 screen protector temper glass screen protector for samsung galaxi s5 kingcool galaxi s5 screen protector temper glass screen protector for samsung galaxi s5 design for the samsung galaxi s5 i9600 100 % temper glass resist scratch from sharp object oleophob coat lessen the appear of fingerprint retain screen clariti and full touch sensit long time use eye not easili fatigu better protect vision all,glass
B019S3879K,,0.0,[],[],[u'nylon'],[],[],[],kanu surf girl ' candi one piec swimsuit kanu surf girl ' candi one piec swimsuit 82 % nylon 18 % spandex import high qualiti nylon tricot line front and back match rash guard and board short avail made in china all avail in size infant through 14,a line
B01AIRQ7M4,Harley-Davidson (Boys-Kids),9.99,[u'kid'],[u'black'],[u'cotton'],[],[],[u'long sleev'],harley davidson boy youth b s with flame long sleev black harley davidson boy youth b s with flame long sleev 100 % cotton b s with flame long sleev t shirt harley davidson motorcycl sgi kid apparel all,t-shirt
B005GOS908,,0.0,[u'kid'],[],[u'leather'],[],[],[],big kid ) timberland field boot ( toddler littl kid big kid ) leather and synthet synthet sole logo patch at tongu non mark rubber outsol all,boots
B00I0P6YZW,,0.0,[u'babi'],[],[u'cotton'],[],[],[u'short sleev'],tommi hilfig babi boy ' short sleev ivi bodysuit tommi hilfig babi boy ' short sleev ivi bodysuit 100 % cotton import button down polo snap closur made in china all,romper
B016KSI0MU,,96.04,[u'women'],[],[u'leather'],[],[],[],fli london women me leather boot fli london women me leather boot leather upper textil line synthet sole women,boots
B01G60GQ32,Carter's,10.49,[],[u'floral'],[u'cotton'],[],[],[],carter 's girl ' tropic print capri leg 12m carter 's girl ' tropic print capri leg 12m 95 % cotton 5 % elastan tropic floral print all capri length,legging
B00ATL5Z0U,,0.0,[u'women'],[],[u'leather'],[],[],[],clark women 's societi disc pump clark women 's societi disc pump leather import rubber sole heel measur approxim 3 '' platform measur approxim 0.25 '' round toe dress pump with textur contrast pipe and heel cushion perfor comfort footb women,pump
B01CZZ635S,Coralup,14.99,[u'babi'],[],[],[],[],[u'short sleev'],coralup littl boy dinosaur short sleev set 2 pc 18m 6t coralup littl boy dinosaur short sleev set 2 pc 18m 6t high qualiti comfort and breathabl 1 short sleev t shirt +1 short there are mani posit cloth cute cartoon pattern is the babi 's favorit . all 18m 24m 3t 4t 5t 6t,t-shirt
B0130OOLLG,Bang Tidy Clothing,12.74,[u'women'],[],[],[],[],[],women 's i 'm not weird i 'm limit edit hipster slogan fashion t shirt women 's i 'm not weird i 'm limit edit hipster slogan fashion t shirt guarante fast ship m 10 12 l 14 16 xl 18 20 xxl 22 24 women stand out from the crowd in one of our custom hipster t shirt avail in 8 colour and size s xxl,t-shirt
B016BBVQMC,RZF,0.0,[u'men'],[u'white'],[u'cotton'],[],[],[u'short sleev'],rzf men 's scarfac deepli root t shirt white rzf men 's scarfac deepli root t shirt white digit direct print eco friendli ink . 100 % cotton . short sleev men,t-shirt
B01J6R55SE,Design By Humans,0.0,[u'men'],[u'white'],[u'cotton'],[],[],[u'raglan sleev'],fox head illustr men 's raglan sleev basebal tee design by human fox head illustr men 's raglan sleev basebal tee design by human onli product sold by designbyhumansoffici are guarante to be authent print in the u.s.a. with eco friendli ink 100 % cotton white 50 50 cotton poli heather men 3 4 length sleev,t-shirt
B01JE12KZS,Skreened,0.0,[u'men'],[],[],[],[],[],real men use three pedal | t shirt real men use three pedal | t shirt eco consciou and made just for you american apparel altern apparel and district in cold water . tumbl dri on low heat ethic manufactur practic artist earn money from their design men,t-shirt
B016PHGD5M,Coconuts by Matisse,0.0,[u'women'],[],[],[],[],[],coconut by matiss women 's trudi gladiat sandal coconut by matiss women 's trudi gladiat sandal textil import synthet sole shaft measur approxim 6.25 '' from arch heel measur approxim 2.25 '' cushion sole women,sandal
B018FK3P9Y,,25.64,[u'women'],[],[u'leather'],[],[],[],ivanka trump women 's 15mm glaze belt with chain front ivanka trump women 's 15mm glaze belt with chain front 100 % leather import metal connector with hook at end of chain detail stretch back made in china women,belt
B00EPKF3N0,LOCOMO Hats,4.18,"[u'men', u'women']",[u'stripe'],[u'cotton'],[],[],[],locomo men women embroid star stripe us flag brim basebal cap ffh071 locomo men women embroid star stripe us flag brim basebal cap ffh071 55 58cm ( adjust ) hip hop cap with us flag star and strip decor made of polyest and cotton suitabl for men or women women,hat
B017WOBI7A,MINKPINK,0.0,[u'women'],[u'floral'],[u'lace'],[],[],[u'sleeveless'],minkpink women 's by the river maxi dress minkpink women 's by the river maxi dress 80 % polyest 20 % lyocel import adjust spaghetti strap center back slit made in china sleeveless maxi dress in allov bold floral featur scoop necklin and lace up back with tie women,maxi dress
B00E8IGYTQ,Kigs,69.99,[u'women'],[u'anim'],[],[u'parti'],[],[],super snuggli fleec anim kigurumi onesi for adult super snuggli fleec anim kigurumi onesi for adult you might not be abl to take thi onesi off onc you realiz how much fun you have with it on ! fantast detail make sure your onesi look great . ( peopl love 'em at parti ! ) suitabl for anyon from 5ft up to 6ft ! 2 year guarante ! buy a kig onesi is an invest that you will enjoy for year to come . women made from our super snuggli high qualiti fleec materi . our kig feel truli luxuri against your skin .,bag
B01HLTW8AM,CAYE,10.36,[u'women'],[u'black'],"[u'cotton', u'mesh']",[],[],[],femal euro 2016 cotton flat snapback basebal cap adjust mesh hat leisur hat black one size fit most male femal euro 2016 cotton flat snapback basebal cap adjust mesh hat leisur hat black one size fit most 100 % cotton twill basebal cap feel hard hat eye brow rel a fuse hard buckrum sewn into the front of the crown provid excel structur and help 7 15 busi day in gener women relax fit.materi is thick,hat
B01IAQSBJC,SS 2016,17.99,[u'women'],[],[u'cotton'],[],[],[u'needl sleev'],ss harley t shirt machin wash cold with like color ss harley t shirt 100 % cotton import dri low heat lightweight doubl needl sleev and bottom hem women,t-shirt
B01DXCFGOG,Abetteric,9.9,[u'women'],[],[],[],[],[u'flare sleev'],abetter women 's slim fit solid color flare sleev bodycon dress abetter women 's slim fit solid color flare sleev bodycon dress import we are new but grow rapidli made in china limit promot pl seiz the chanc ! ani question pl contact us freeli we 'll sovl for you as earli as possibl . our store credit manag and price concess pleas rest assur to choos and buy . women pl refer to the size detail in the product descript instead of the size chart !,bodycon
B01CBOMLWW,,0.0,[u'men'],[],[u'leather'],[],[],[],sperri top sider gold cup men 's bellingham cap toe oxford taup sperri top sider gold cup men 's bellingham cap toe oxford taup nubuck premium leather upper . luxuri lambskin line . memori foam insol . men,oxford
B01CDC9R1K,Tshirtshark,0.0,[u'women'],[],[u'cotton'],[],[],[],thi girl love her boyfriend toma gift coupl t shirt thi girl love her boyfriend toma gift coupl t shirt 100 % cotton graphic do n't fade or crack north american made pre shrunk women,t-shirt
B01C7D7MNU,Old Glory,0.0,[u'women'],[u'blue'],[],[],[],[],surf 's up backdoor hawaii light blue junior soft t shirt surf 's up backdoor hawaii light blue junior soft t shirt offici licens merchandis music sport entertain merchandis qualiti product detail graphic artwork design women,t-shirt
B01INZ0VYS,Jordan,58.05,[u'kid'],"[u'black', u'green', u'pink']","[u'leather', u'lace']",[],[],[],lt lcd green basketbal shoe kid us nike jordan kid jordan sc 3 gp black vivid pink lt lcd green basketbal shoe kid us leather rubber sole kid high top sneaker cushion inner sole jordan jumpman on heel lace up closur kid,sneaker
B00RZ12H4O,,0.0,[u'men'],[],[u'cotton'],[],[u'crew neck'],[u'short sleev'],g star raw men 's matmini granddad crew neck cotton short sleev g star raw men 's matmini granddad crew neck cotton short sleev 100 % cotton import an embroid graphic artwork accent the chest craft from stretchi 1x1 rib with a smooth even surfac and premium melang finish men,t-shirt
B01C72706K,HUUSA,11.99,[u'women'],[u'floral'],[u'mesh'],"[u'beach', u'sexi']",[],[],sexi women mesh insert floral print one piec swimwear sexi women mesh insert floral print one piec swimwear sheer mesh detail back hook closur no underwir no bra pad ideal for beach resort pool and cruis . pack up small women polyamid+elasthan,bra 
B01IG8D3WO,,0.0,[u'women'],[],[],[],[],[],michael michael kor mavi open toe women open toe sued nude sandal dk khaki stud michael michael kor mavi open toe women open toe sued nude sandal sued synthet sole 3.75 '' heel b ( m ) women regular sued upper and man made outsol,sandal
B018FNEEBO,,358.4,[],[],[u'leather'],[],[],[],fossil carson leather travel brief fossil carson leather travel brief leather import 2 zipper compart laptop compart 2 slip pocket 1 card holder 3 pen holder get tech smart thi bag is larg enough to hold laptop up to 15 '' 17.5x5x15.5 made in china all macbook ; pro and similar size model,bag
B01CJJX2RW,ililily,13.99,[u'women'],[],"[u'cotton', u'mesh']",[],[],[],ililili vintag distress '1965 howel 's ' mesh snapback trucker hat basebal cap ililili vintag distress '1965 howel 's ' mesh snapback trucker hat basebal cap 60 % cotton 40 % polyest embroid '1965 lucki thunder drink howel 's ' patch logo on front 'drink howel 's ' text at the back round with mesh back and button vintag distress curv approx . 22.8 ' 58cm brim width women,hat
B01H2F1J3W,Design By Humans,24.0,[u'men'],[u'red'],[],[],[],[],nightfal men 's red graphic t shirt design by human nightfal men 's red graphic t shirt design by human print in the u.s.a. onli product sold by designbyhumansoffici are guarante to be authent print with eco friendli ink men,t-shirt
B015ORWI9E,Madden,0.0,[u'men'],[],[],[],[],[],madden men 's m ballad winter boot madden men 's m ballad winter boot synthet import synthet sole shaft measur approxim 6.75 '' from arch platform measur approxim 0.5 inch boot open measur approxim 11.5 '' around side zip entri men,boots
B00C75L3WU,,24.99,[u'women'],[],[],[],[],[],travelon safe id color block clutch wallet travelon safe id color block clutch wallet 100 % cowhid 1.25 '' high 4 '' wide effect block rfid reader from captur inform includ 14 car slot 2 id window 3 currenc compart and rear zip coin compart genuin cowhid mani debit and credit card and driver 's licens have rfid chip with person data women,wallet
B01D1QHZ0C,,99.95,[u'women'],[u'black'],[],[],[],[],long halter dress with crystal bead necklin style 8420rl2g black 4 long halter dress with crystal bead necklin style 8420rl2g black 4 women jersey,halter dress
B01DUI5JU4,BEGAGER,20.87,[u'men'],[],[u'cotton'],[],[],[u'short sleev'],begag custom eleph t shirt men 's cotton t shirt begag custom eleph t shirt men 's cotton t shirt import men short sleev with sewn cuff,t-shirt
B01DCT40ZG,,0.0,[u'women'],[],[],[],[],[],lucki brand women 's print peasant top lucki brand women 's print peasant top 100 % rayon import contrast border print detail v necklin with tie tassel detail women,bra 
B00NUFL4IO,Modadorn,15.98,[u'women'],[],[],[u'casual'],[],[],modadorn luxuri color knit long infin scarf modadorn luxuri color knit long infin scarf 100 % acryl soft comfort silki soft drape grace . suitabl for all formal casual and even event all year long . women 15inch x35inch,scarve
B0157EZKLC,,71.4,[u'men'],"[u'black', u'grey']",[],[],[],[],fox men 's motion transfer shoe black grey fox men 's motion transfer shoe black grey fox motion technolog provid superior chsion comfort and flexibl in a lightweight packag duratrak mdt outsol for excel grip and durabl . see descript men,sneaker
B013DY9YLK,Choies,0.0,[u'women'],[u'floral'],[],[],[],[],choi women 's chiffon floral kimono loos kimono cardigan blous choi women 's chiffon floral kimono loos kimono cardigan blous 100 % polyest shoulder 112cm 44.09in 116cm 45.67in 120cm 47.24in chiffon floral we have regist trademark `` choi '' women 63cm 24.8in m64cm 25.2in l65cm 25.59in,cardigan
B00M1S0DFQ,Bugatchi,25.0,[u'men'],[],[u'cotton'],[],[],[],bugatchi men 's linea sock bugatchi men 's linea sock 80 % cotton 17 % polyamid 3 % elastan import fashion mercer made in itali men,sock
B018IBKVFQ,Itemtrend,33.99,[u'women'],[],[u'leather'],[],[],[],women glossi tassel loafer platform pump heel women glossi tassel loafer platform pump heel synthet and leather import 15 busi day ( usps.com ) expedit women 2.6inch ( 6.5cm ) composit leather manmad sole,pump
B01GCH7TDK,Unknown,16.86,[u'women'],[],[u'cotton'],[],[],[u'needl sleev'],i kiss a dog i like it singl awar day t shirt machin wash cold with like color i kiss a dog i like it singl awar day t shirt 100 % cotton import dri low heat i kiss a dog and i like it t shirt funni dog love pet t shirt singl awar day t shirt i kiss a dog and i like it funni t shirt lightweight doubl needl sleev and bottom hem women,t-shirt
B00ZPSDBZ8,Lexi York,21.0,[u'women'],[u'pink'],[u'cotton'],[],[],[],top ( small ) woman 's lexi york hot pink with gold tone foil starfish lightweight tunic top ( small ) polyest spandex thi tunic is the perfect addit to anyon 's wardrob ! it can be worn as a coverup or as a top ! it is 100 % cotton and 100 % fabul ! women,tunic
B016Q2MUJE,,0.0,"[u'men', u'women']",[],[],[],[],[],croc feat fuzz unisex line clog warm clog for men women croc feat fuzz unisex line clog warm clog for men women synthet toasti line easi on off slip on clog women croslit materi midsol for lightweight cushioningnon mark croslit materi outsol,a line
B01G4Y6PZE,Charm Bridal,0.0,[u'women'],[u'black'],[u'lace'],"[u'parti', u'wed']",[],[u'sleeveless'],charm bridal long black sleeveless gauz ball gown women pageant parti dress charm bridal long black sleeveless gauz ball gown women pageant parti dress gauz lace sleeveless ball gown a line . thi dress is backless but we can make it not backless for you if you like . to ensur you a most suitabl dress we will make it accord to your own exact measurements.w will contact you to confirm the detail of the dress perfect for wed even parti ball homecom pageant pleas refer to our us size chart befor you pgauz lace the order and there may be 1 3 cm error due to manual measur . women floor length pl note to check your email . we will make the standard size for you if get no repli in 6 day . high grade gauz and lace .,a line
B01EW95E78,Cloudstyle,35.95,[u'men'],[],[],"[u'casual', u'wed']",[],[],cloud style men 's one button groom tuxedo studio casual dress jacket coat slim fit cloud style men 's one button groom tuxedo studio casual dress jacket coat slim fit one button spring autumn wed festiv casual packag includ 1*jacket men pleas check the size chart or contact with us befor order,jacket
B00SRRQZZW,Born,0.0,[u'women'],[],[u'leather'],[],[],[],born du jour women open toe leather wedg sandal born du jour women open toe leather wedg sandal leather import rubber sole platform measur approxim 1.5 full grain leather or metal leather upper with opanka handcraft construct 7m m foam insol pu+rubb outsol with leather wrap wedg heel women,sandal
B0176MUMZW,West Blvd,0.0,[u'women'],[u'anim'],[],[],[],[],west blvd women 's seattl rain waterproof solid welli rubber rain boot west blvd women 's seattl rain waterproof solid welli rubber rain boot synthet made in usa or import rubber sole shaft measur approxim 15 from arch synthet low heel knee high close toe doe not contain anim product women heel height~1 shaft height~15,boots
B006LSFHDK,Dangerous Threads,36.95,[u'men'],[u'black'],[u'leather'],[],[],[],biker boot boot chain black topgrain cowhid leather with big 1 '' metal spike black leather silver color hardwar . biker boot boot chain black topgrain cowhid leather with big 1 '' metal spike leather real metal spike ( 1 '' long ) on genuin topgrain leather strap . men,boots
